cat,outlet,id,url,title
A_paywall_page,tidningensyre.se,83278,https://tidningensyre.se/global/2019/nummer-156/valdet-atererovrar-colombia/,Tack för att du läser – så här läser du vidare!
A_paywall_page,tidningensyre.se,732576,https://tidningensyre.se/2019/nummer-366/hardare-tag-men-olika-prioriteringar/,Tack för att du läser – så här läser du vidare!
A_paywall_page,tidningensyre.se,451356,https://tidningensyre.se/global/2018/nummer-54/djur-fanns-langt-tidigare-an-man-trott-2/,Tack för att du läser – så här läser du vidare!
A_paywall_page,tidningensyre.se,670558,https://tidningensyre.se/2017/nummer-171/politikern/,Tack för att du läser – så här läser du vidare!
A_paywall_page,tidningensyre.se,407939,https://tidningensyre.se/2021/20-januari-2021/forsakringsbolag-medger-konsdiskriminering/,Tack för att du läser – så här läser du vidare!
B_same_text_many_titles,arbejderen.dk,1173908,https://arbejderen.dk/faktabokse/fakta-eu-i-verden/,FAKTA: EU i verden – Arbejderen
B_same_text_many_titles,arbejderen.dk,1231335,https://arbejderen.dk/faktabokse/fakta-kaedeansvar-forklaret/,FAKTA: Hvad er kædeansvar – Arbejderen
B_same_text_many_titles,arbejderen.dk,1184691,https://arbejderen.dk/faktabokse/fem-myter-om-formueskat/,Fem myter om formueskat – Arbejderen
B_same_text_many_titles,arbejderen.dk,1163080,https://arbejderen.dk/faktabokse/fakta-almene-boliger/,Fakta: Almene boliger – Arbejderen
B_same_text_many_titles,arbejderen.dk,1164308,https://arbejderen.dk/faktabokse/fakta-om-benefit-nord/,FAKTA: Om BeneFiT – Arbejderen
B_same_text_many_titles,arbetaren.se,740420,https://www.arbetaren.se/nummer/58-2023/,Transpersoner tvingas till ett liv i marginalerna
B_same_text_many_titles,arbetaren.se,65636,https://www.arbetaren.se/nummer/20-2024/,Tre röster om 4-dagars arbetsvecka
B_same_text_many_titles,arbetaren.se,403792,https://www.arbetaren.se/nummer/nummer-2018-28/,Oro efter högerradikal storseger i Ungerns val
B_same_text_many_titles,arbetaren.se,409211,https://www.arbetaren.se/nummer/16-2023/,Emil Boss:Att gå över ån efter vatten
B_same_text_many_titles,arbetaren.se,192279,https://www.arbetaren.se/nummer/40/,Ökande vattenbrist och torka i Brasilien
B_same_text_many_titles,denkorteavis.dk,731938,https://denkorteavis.dk/2014/den-elendige-rover/,Den elendige røver
B_same_text_many_titles,denkorteavis.dk,342925,https://denkorteavis.dk/2014/miauw-hjaelp-mig-fa-mig-dog-ud-herfra/,Miauw! Hjælp mig! Få mig dog ud herfra!
B_same_text_many_titles,denkorteavis.dk,578441,https://denkorteavis.dk/2016/video-flyt-dig-dadyr-truer-kat-men-den-giver-sig-ikke-en-tomme/,Video: Dådyr truer katten for at få den til at flytte sig – men katten giver sig ikke en tomme
B_same_text_many_titles,denkorteavis.dk,207652,https://denkorteavis.dk/2015/endnu-et-asylcenter-braender-her-til-morgen-mistanke-om-mordbrandasylcent/,Et asylcenter brænder igen her til morgen – mistanke om mordbrand
B_same_text_many_titles,denkorteavis.dk,115608,https://denkorteavis.dk/2014/kommer-snart-til-en-lojpe-naer-dig/,Kommer snart til en løjpe nær dig
B_same_text_many_titles,document.dk,102663,https://www.document.dk/2023/05/30/skogpod-29-mai-2023/,Skogpod 29. mai 2023
B_same_text_many_titles,document.dk,311177,https://www.document.dk/2023/08/06/skogpod-06-august-2023/,Skogpod 06.august 2023
B_same_text_many_titles,document.dk,742404,https://www.document.dk/2023/10/02/skogpod-1-oktober-2023/,Skogpod 1. oktober 2023
B_same_text_many_titles,document.dk,645038,https://www.document.dk/2023/08/03/skogpod-03-august-2023/,Skogpod 03. august 2023
B_same_text_many_titles,document.dk,727869,https://www.document.dk/2023/04/22/skogpod-21-april-2023/,Skogpod 21. april 2023
B_same_text_many_titles,document.no,1235182,https://www.document.no/2026/06/09/den-sterile-seksualitetens-festmaned/,Den sterile seksualitetens festmåned
B_same_text_many_titles,document.no,1243263,https://www.document.no/2026/06/22/europa-sviktet-sine-egne-i-mangfoldets-navn/,Europa sviktet sine egne i mangfoldets navn
B_same_text_many_titles,document.no,201022,https://www.document.no/2025/05/05/skogpod-5-mai-2025/,Skogpod 4. mai 2025
B_same_text_many_titles,document.no,92357,https://www.document.no/2025/08/16/skogpod-15-august-2025/,Podkast
B_same_text_many_titles,document.no,1276411,https://www.document.no/2026/08/26/venstresidens-skitne-spill-i-nrk-debatten,Venstresidens skitne spill i NRK Debatten
B_same_text_many_titles,exakt24.se,215146,https://exakt24.se/stor-demonstration-i-goteborg-mot-vaccinpass/,Stor demonstration i Göteborg mot vaccinpass - Exakt24
B_same_text_many_titles,exakt24.se,242982,https://exakt24.se/rfsl-flyr-fragor-om-deras-diskriminering-mot-sverigedemokraterna/,RFSL flyr frågor om deras diskriminering mot Sverigedemokraterna - Exakt24
B_same_text_many_titles,exakt24.se,724604,https://exakt24.se/korankravaller-i-trollhattan-flera-personer-greps/,Korankravaller i Trollhättan — flera personer greps - Exakt24
B_same_text_many_titles,exakt24.se,526284,https://exakt24.se/korankravallerna-har-kommit-till-goteborg/,Korankravallerna har kommit till Göteborg - Exakt24
B_same_text_many_titles,exakt24.se,272299,https://exakt24.se/framtiden-ar-konservativ-intervju-med-angry-foreigner/,"""Framtiden är konservativ"" - Intervju med Angry Foreigner - Exakt24"
B_same_text_many_titles,flamman.se,5468,https://www.flamman.se/veckan-som-gatt-11/,Veckan som gått
B_same_text_many_titles,flamman.se,506459,https://www.flamman.se/kuppforsoket-visar-att-putin-saknar-kontroll/,Kuppförsöket visar att Putin saknar kontroll
B_same_text_many_titles,flamman.se,66105,https://www.flamman.se/kristerssons-misslyckande-mammornas-manifestation-och-brexit-kaoset-i-storbritannien/,"Kristerssons misslyckande, mammornas manifestation och Brexit-kaoset i Storbritannien"
B_same_text_many_titles,flamman.se,230932,https://www.flamman.se/har-ni-festat-klart-pa-hilma-af-klint-an/,Har ni festat klart på Hilma af Klint än?
B_same_text_many_titles,flamman.se,454654,https://www.flamman.se/kortare-arbetstid-kan-bli-vinstaffar/,Arbetstiden kan bli kortare och mer rättvis
B_same_text_many_titles,folkungen.se,350876,https://folkungen.se/author/erik/,"Erik Berglund, författare på Folkungen"
B_same_text_many_titles,folkungen.se,271353,https://folkungen.se/author/ylva/,"Lisa G, författare på Folkungen"
B_same_text_many_titles,folkungen.se,408028,https://folkungen.se/author/kaufmann/,"Erik Landin, författare på Folkungen"
B_same_text_many_titles,folkungen.se,612278,https://folkungen.se/folkungdom/mansrollen/forsorja/,Försörja
B_same_text_many_titles,folkungen.se,290866,https://folkungen.se/folkungdom/mansrollen/forsvara/,Försvara
B_same_text_many_titles,insikt24.se,1087281,https://insikt24.se/invandringen-okade-under-maj-manad-over-9-100-personer-beviljades-uppehallstillstand,Invandringen ökade under maj månad – över 9 100 personer beviljades uppehållstillstånd - Insikt24
B_same_text_many_titles,insikt24.se,1087356,https://insikt24.se/momika-om-utvisningsbeslutet-migrationsverkets-anstallda-ar-islamister,Momika om utvisningsbeslutet: ”Migrationsverkets anställda är islamister” - Insikt24
B_same_text_many_titles,insikt24.se,1087355,https://insikt24.se/mohamed-nuur-v-i-nya-svenskfientliga-uttalanden-fuck-allt-ta-ert-javla-land,"Mohamed Nuur (V) i nya svenskfientliga uttalanden: ”Fuck allt, ta ert jävla land” - Insikt24"
B_same_text_many_titles,insikt24.se,1087166,https://insikt24.se/dodshot-och-jihadism-under-dagens-palestina-demonstration,Dödshot och jihadism under dagens Palestina-demonstration - Insikt24
B_same_text_many_titles,insikt24.se,1087385,https://insikt24.se/oberoende-dykningar-vid-nordstream-omkullkastar-etablerade-forklaringar,Oberoende dykningar vid Nordstream omkullkastar etablerade förklaringar - Insikt24
B_same_text_many_titles,kansalainen.fi,174902,https://www.kansalainen.fi/video-suomi-heraa-nahdaan-6-12-2025/6-december-2024-helsingfors-23/,6 December 2024 Helsingfors | Kansalainen
B_same_text_many_titles,kansalainen.fi,208866,https://www.kansalainen.fi/video-suomi-heraa-nahdaan-6-12-2025/6-december-2024-helsingfors-19/,6 December 2024 Helsingfors | Kansalainen
B_same_text_many_titles,kansalainen.fi,165035,https://www.kansalainen.fi/video-suomi-heraa-nahdaan-6-12-2025/suomi-heraa_kulkue30_2024/,Suomi Herää_kulkue30_2024 | Kansalainen
B_same_text_many_titles,kansalainen.fi,575771,https://www.kansalainen.fi/video-suomi-heraa-nahdaan-6-12-2025/6-december-2024-helsingfors-22/,6 December 2024 Helsingfors | Kansalainen
B_same_text_many_titles,kansalainen.fi,710721,https://www.kansalainen.fi/video-suomi-heraa-nahdaan-6-12-2025/suomi-heraa_kulkue48_2024/,Suomi Herää_kulkue48_2024 | Kansalainen
B_same_text_many_titles,kanto.media,201903,https://kanto.media/lasten_jotain/,lasten_jotain
B_same_text_many_titles,kanto.media,709243,https://kanto.media/kivet-nashin-tasapainossa/,kivet-nashin-tasapainossa
B_same_text_many_titles,kanto.media,179445,https://kanto.media/mtv-syopariski-2/,Vastaa Peruuta vastaus
B_same_text_many_titles,kanto.media,83905,https://kanto.media/meme-zelensky-nafo-fella/,meme zelensky nafo fella
B_same_text_many_titles,kanto.media,660579,https://kanto.media/mrna-does-not-last-long/,mrna-does-not-last-long
B_same_text_many_titles,mvlehti.net,125546,https://mvlehti.net/2015/11/18/tynkkynen-omistan-taman-videon-kaikille-suvaitsevaisille-unelmaihmisille/,Tynkkynen: Omistan tämän videon kaikille suvaitsevaisille unelmaihmisille - Uusi MV-Lehti
B_same_text_many_titles,mvlehti.net,367332,https://mvlehti.net/2015/05/21/pakettiauto-vakoilee-hallitusneuvotteluja/,Pakettiauto vakoilee hallitusneuvotteluja - Uusi MV-Lehti
B_same_text_many_titles,mvlehti.net,614309,https://mvlehti.net/2020/06/15/paivan-video-susikoira-antoi-mustalle-miehelle-akkilahdon-kemissa/,Päivän video: Susikoira antoi mustalle miehelle äkkilähdön Kemissä - Uusi MV-Lehti
B_same_text_many_titles,mvlehti.net,212114,https://mvlehti.net/2017/09/16/paivan-kuva-veikkaus-toi-markkinoille-pelin-muslimeille/,Päivän kuva: Veikkaus toi markkinoille pelin muslimeille - Uusi MV-Lehti
B_same_text_many_titles,mvlehti.net,349866,https://mvlehti.net/2016/06/13/suvakkitoimittaja-joutuukin-itse-haastatelluksi-ja-pakenee-video/,Suvakkitoimittaja joutuukin itse haastatelluksi ja pakenee! (Video) - Uusi MV-Lehti
B_same_text_many_titles,nyadagbladet.se,310672,https://nyadagbladet.se/kultur/vulkanen-dar-folktron-moter-naturens-vidunder/attachment/island-hav-sten/,island-hav-sten – Nya Dagbladet
B_same_text_many_titles,nyadagbladet.se,201360,https://nyadagbladet.se/inrikes/aldre-kvinna-ranad-i-sitt-hem-i-staffanstorp/,Äldre kvinna rånad i sitt hem i Staffanstorp
B_same_text_many_titles,nyadagbladet.se,21682,https://nyadagbladet.se/inrikes/polishelikopter-attackerad-med-gron-laser-under-insats/,Polishelikopter attackerad med grön laser under insats
B_same_text_many_titles,nyadagbladet.se,156665,https://nyadagbladet.se/utrikes/minst-13-avlidna-efter-brand-pa-fransk-nattklubb/,Minst 13 avlidna efter brand på fransk nattklubb
B_same_text_many_titles,nyadagbladet.se,106359,https://nyadagbladet.se/inrikes/koranlasning-under-lektionstid-i-tva-svenska-skolor/,Koranläsning under lektionstid i två svenska skolor
B_same_text_many_titles,nyatider.nu,628825,https://www.nyatider.nu/sa-manga-valdtakter-kostar-massinvandringen-statistik-antligen-tillganglig-tack-vare-amatorforskare/,Så många våldtäkter kostar massinvandringen – statistik äntligen tillgänglig tack vare amatörforskare - NyaTider.se
B_same_text_many_titles,nyatider.nu,529587,https://www.nyatider.nu/en-man-ett-gevar-en-rost/,"En man, ett gevär, en röst - NyaTider.se"
B_same_text_many_titles,nyatider.nu,125180,https://www.nyatider.nu/bildextra-se-forodelsen-efter-det-eritreanska-kaoset/,BILDEXTRA: Se förödelsen efter det eritreanska kaoset - NyaTider.se
B_same_text_many_titles,nyatider.nu,266628,https://www.nyatider.nu/beslutet-nordiska-motstandsrorelsen-forbjuds-i-finland/,Beslutet: Nordiska motståndsrörelsen förbjuds i Finland - NyaTider.se
B_same_text_many_titles,nyatider.nu,285171,https://www.nyatider.nu/world-economic-forum-pekar-ut-sin-strategi-for-varldens-ekonomiska-utveckling/,World Economic Forum pekar ut sin strategi för världens ekonomiska utveckling - NyaTider.se
B_same_text_many_titles,nyhetsspeilet.no,1229454,https://www.youtube.com/watch?v=AaTZSzB4cqA,⚡ALERT: Russian DRONE HITS NATO! US EMBASSY EVACUATED?! IRAN BUYS TIME!
B_same_text_many_titles,nyhetsspeilet.no,1229448,https://www.youtube.com/watch?v=kqCR-dJXM8I,"""Economic Depression worse than Covid is coming"" and America is not ready | Redacted News"
B_same_text_many_titles,nyhetsspeilet.no,1229449,https://www.youtube.com/watch?v=rXJvQED6EmY,The Most Disturbing Michael Jackson Story You Never Heard - The Cascio Family Fraud Case
B_same_text_many_titles,nyhetsspeilet.no,1223163,https://www.youtube.com/watch?v=GeTTgwag77M,Harrison Ford Delivers The WORST Commencement Speech Of All Time!
B_same_text_many_titles,nyhetsspeilet.no,1223201,https://www.youtube.com/watch?v=EzyO_ro28SM,Who Was Mary Magdalene (And Why Is She So Important?)
B_same_text_many_titles,partisaani.com,603830,https://www.partisaani.com/tv/wbs-2024/,WBS 2024 - Partisaani
B_same_text_many_titles,partisaani.com,614969,https://www.partisaani.com/tv/preblm/,preblm - Partisaani
B_same_text_many_titles,partisaani.com,573199,https://www.partisaani.com/tv/act-hki/,act-hki - Partisaani
B_same_text_many_titles,partisaani.com,53541,https://www.partisaani.com/tv/the-golden-one-olin-vaarassa/,The Golden One - Olin väärässä - Partisaani
B_same_text_many_titles,partisaani.com,265423,https://www.partisaani.com/tv/maahanmuuttaja-tekee-tarpeensa/,Maahanmuuttaja tekee tarpeensa - Partisaani
B_same_text_many_titles,proletaren.se,605942,https://proletaren.se/artikel/veckans-bild/uppsala/,Uppsala
B_same_text_many_titles,proletaren.se,1262447,https://proletaren.se/artikel/veckans-bild/veckans-bild-11/,Veckans bild
B_same_text_many_titles,proletaren.se,1163636,https://proletaren.se/artikel/veckans-bild/skolor-kortedala/,Skolor Kortedala
B_same_text_many_titles,proletaren.se,1208792,https://proletaren.se/artikel/veckans-bild/antiimp-stockholm/,Antiimp stockholm
B_same_text_many_titles,proletaren.se,1097578,https://proletaren.se/artikel/veckans-bild/sundsvall-mote/,Sundsvall möte
B_same_text_many_titles,pt-media.org,593601,https://pt-media.org/2020/05/26/vihapuhe-radio-klo-19-00-2/,Vihapuhe-radio klo 19.00 -
B_same_text_many_titles,pt-media.org,575218,https://pt-media.org/2022/12/31/hyvaa-uutta-vuotta-2023/,Hyvää uutta vuotta 2023 -
B_same_text_many_titles,pt-media.org,439384,https://pt-media.org/2019/04/19/vihapuhe-fm-19-4-klo-19-00-katso-tasta-kaikki-eurovaaliehdokkaat/,Vihapuhe FM 19.4 klo 19.00: Katso tästä KAIKKI eurovaaliehdokkaat -
B_same_text_many_titles,pt-media.org,321763,https://pt-media.org/2021/02/24/monokulttuuri-klo-18-00-2/,Monokulttuuri klo 18.00 -
B_same_text_many_titles,pt-media.org,560657,https://pt-media.org/2020/07/24/vihapuheen-perjantai-live-klo-19-00/,"Vihapuheen perjantai, live klo 19.00 -"
B_same_text_many_titles,radikalpolitikk.no,389199,https://radikalpolitikk.no/romfolkseross/,romfolkseross
B_same_text_many_titles,radikalpolitikk.no,63257,https://radikalpolitikk.no/img_1228/,IMG_1228
B_same_text_many_titles,radikalpolitikk.no,343023,https://radikalpolitikk.no/img_3648/,IMG_3648
B_same_text_many_titles,radikalpolitikk.no,229447,https://radikalpolitikk.no/31-2/,31
B_same_text_many_titles,radikalpolitikk.no,362826,https://radikalpolitikk.no/1440_the_pirate_bay/,1440_the_pirate_bay
B_same_text_many_titles,redox.dk,646075,https://redox.dk/tags/livah-sunshine/,Livah Sunshine Arkiv - Researchkollektivet Redox
B_same_text_many_titles,redox.dk,280378,https://redox.dk/tags/jacob-christiansen-senholt/,Jacob Christiansen Senholt Arkiv - Researchkollektivet Redox
B_same_text_many_titles,redox.dk,677705,https://redox.dk/baggrund/organisationer/danmark/danmark-inaktive/stop-indvandringen/,Stop Indvandringen - Researchkollektivet Redox
B_same_text_many_titles,redox.dk,158038,https://redox.dk/tags/anders-behring-breivik/,Anders Behring Breivik Arkiv - Researchkollektivet Redox
B_same_text_many_titles,redox.dk,375791,https://redox.dk/baggrund/organisationer/finland/sarastus/,Sarastus - Researchkollektivet Redox
B_same_text_many_titles,riks.se,217185,https://riks.se/opinion/vem-ar-laskigast-nickie-eller,"Vem är läskigast? Nickie, eller.."
B_same_text_many_titles,riks.se,483062,https://riks.se/opinion/glad-pask,Glad påsk!
B_same_text_many_titles,riks.se,518414,https://riks.se/opinion/sprack-magdalena-anderssons-regeringsalternativ,Sprack Magdalena Anderssons regeringsalternativ?
B_same_text_many_titles,riks.se,138741,https://riks.se/nyheter/gladjebeskedet-nu-sanks-priserna-pa-bensinen,Glädjebeskedet: Nu sänks priserna på bensinen
B_same_text_many_titles,riks.se,72034,https://riks.se/nyheter/markus-allard-chefen-var-politiker-for-vansterpartiet,"Markus Allard: ""Chefen"" var politiker för Vänsterpartiet"
B_same_text_many_titles,samnytt.se,13581,https://samnytt.se/video-tjejgang-angriper-polispatrull-fucking-efterblivna/,"VIDEO: Tjejgäng angriper polispatrull - ""Fucking efterblivna"" » Samnytt"
B_same_text_many_titles,samnytt.se,734296,https://samnytt.se/video-se-gangbraket-pa-farjeterminalen/,VIDEO: Se gängbråket i färjeterminalen » Samnytt
B_same_text_many_titles,samnytt.se,493401,https://samnytt.se/video-se-butikspersonalen-lura-ranaren/,VIDEO: Se butikspersonalen lura rånaren » Samnytt
B_same_text_many_titles,samnytt.se,181865,https://samnytt.se/video-har-beskjuts-lagenhet-i-stockholmsforort/,VIDEO: Här beskjuts lägenhet i Stockholmsförort » Samnytt
B_same_text_many_titles,samnytt.se,192939,https://samnytt.se/sl-buss-dok-upp-i-syrien-olyckligt-givetvis/,"SL-buss dök upp i Syrien: ""Olyckligt givetvis"" » Samnytt"
B_same_text_many_titles,solidaritet.dk,635279,https://solidaritet.dk/tag/cop/,COP Arkiv | Solidaritet
B_same_text_many_titles,solidaritet.dk,305499,https://solidaritet.dk/tag/dielinke/,DieLinke Arkiv | Solidaritet
B_same_text_many_titles,solidaritet.dk,152294,https://solidaritet.dk/tag/tibet/,Tibet Arkiv | Solidaritet
B_same_text_many_titles,solidaritet.dk,591385,https://solidaritet.dk/tag/whiskey/,Whiskey Arkiv | Solidaritet
B_same_text_many_titles,solidaritet.dk,151864,https://solidaritet.dk/tag/groenland/,Grønland Arkiv | Solidaritet
B_same_text_many_titles,svegot.se,622329,https://www.svegot.se/2019/01/18/aussie-open-handboll-och-gillette-passningen-163/,"Aussie Open, handboll och Gillette (Passningen #163) - Podcasts från Det fria Sverige"
B_same_text_many_titles,svegot.se,437684,https://www.svegot.se/2019/04/18/passningen-176-skrallar/,Passningen #176 - Skrällar. - Podcasts från Det fria Sverige
B_same_text_many_titles,svegot.se,198736,https://www.svegot.se/2019/04/26/passningen-177-en-bruten-ta-i-sheffield-och-flaggforbud/,Passningen #177 - En bruten tå i Sheffield och flaggförbud - Podcasts från Det fria Sverige
B_same_text_many_titles,svegot.se,195061,https://www.svegot.se/2018/09/24/mms32-del-2-little-rock-nine/,MMS#32 (Del 2): Little rock nine - Podcasts från Det fria Sverige
B_same_text_many_titles,svegot.se,665328,https://www.svegot.se/2018/12/12/mms87-2-chang-frick-ger-sig-pa-mynttorgsaktivisterna/,MMS#87.2: Chang Frick ger sig på Mynttorgsaktivisterna - Podcasts från Det fria Sverige
B_same_text_many_titles,swebbtv.se,460735,https://swebbtv.se/w/6mndmz2cv3wQJSsvSirYua,"Personsökarattacken, Dagens Industris jämställdhets- och klimatpropaganda i Omvärldsanalys 128"
B_same_text_many_titles,swebbtv.se,273703,https://swebbtv.se/w/bJ8wpupE9YC23oBut3LH5b,"Swebbtv nyheter 1 december om socialdemokraternas attack på sd, vapenvilan förlängs och kriminella i vården ska stoppas"
B_same_text_many_titles,swebbtv.se,218823,https://swebbtv.se/w/6Kfp4isVrdPQ6A8Nm2ayjh,Om korruptionen inom EU och införandet av Global Compact med Rolf Oward och Lars Bern i Fjärde statsmakten nr 6
B_same_text_many_titles,swebbtv.se,1071585,https://swebbtv.se/w/2XYi6ixKsFBL6DpYdAqTS7,MEDLEM: Detta kan förklara rusningen för guld och silver - Ekonomimagasin Special
B_same_text_many_titles,swebbtv.se,28001,https://swebbtv.se/w/8o49oAJt3hgux6ME2L6Wiu,Diskussion med Bensinupproret om de ökande skatterna
B_same_text_many_titles,tidningensyre.se,49712,https://tidningensyre.se/nummer/,Gamla nummer
B_same_text_many_titles,tidningensyre.se,636780,https://tidningensyre.se/2015/18-february-2015/sfi-en-viktig-droppe-i-demokratihavet/,Sfi – en viktig droppe i demokratihavet
B_same_text_many_titles,tidningensyre.se,722374,https://tidningensyre.se/stockholm/nummer/,Syre Stockholm – Arkiv
B_same_text_many_titles,tidningensyre.se,14806,https://tidningensyre.se/goteborg/nummer/,Gamla nummer
B_same_text_many_titles,tidningensyre.se,125983,https://tidningensyre.se/tv/,Syre släpper en specialpodd om basinkomst
C_listing_page,24nyt.dk,703093,http://24nyt.dk/testimonials/,Testimonials Arkiv - 24NYT
C_listing_page,24nyt.dk,93911,https://24nyt.dk/testimonials/,Testimonials Arkiv - 24NYT
C_listing_page,24nyt.dk,236198,https://24nyt.dk/medieforlig-paa-vej-alle-skal-kunne-se-og-hoere-drs-arkiver/,Medieforlig på vej: Alle skal kunne se og høre DRs arkiver - 24NYT
C_listing_page,24nyt.dk,597747,https://24nyt.dk/table_tags/klummer/,klummer Arkiv - 24NYT
C_listing_page,24nyt.dk,471873,http://24nyt.dk/medieforlig-paa-vej-alle-skal-kunne-se-og-hoere-drs-arkiver/,Medieforlig på vej: Alle skal kunne se og høre DRs arkiver - 24NYT
C_listing_page,arbejderen.dk,78937,https://arbejderen.dk/nyhed/laes-mange-flere-artikler-om-klimakampen-i-arbejderens-arkiv/,Læs mange flere artikler om klimakampen i Arbejderens arkiv
C_listing_page,arbetaren.se,1223507,https://www.arbetaren.se/kategori/opinion/gastsignerat-opinion/,Fria studiecirklar på Ozempic
C_listing_page,arbetaren.se,1223505,https://www.arbetaren.se/kategori/podd/norra-situationen/,Det nya gröna – nytt avsnitt av Norra situationen
C_listing_page,arbetaren.se,1223504,https://www.arbetaren.se/kategori/opinion/roster-fran-rorelserna/,Låt skyddsstopp och 6:6a-anmälningar hagla över landet!
C_listing_page,arbetaren.se,144200,https://www.arbetaren.se/kategori/lonegolvet/,Amalthea Frantz:Lönegolvet: Det som krävs är praktisk solidaritet – och organisering
C_listing_page,arbetaren.se,452950,https://www.arbetaren.se/kategori/kultur/retro/,10 mars 1923: ”De har mördat el Noi del Sucre!”
C_listing_page,bulletin.nu,753221,https://bulletin.nu/author/pontus_tholin,""
C_listing_page,bulletin.nu,250500,https://bulletin.nu/author/per_brinkemo,""
C_listing_page,bulletin.nu,69074,https://bulletin.nu/author/anders-w-edwardsson-2,""
C_listing_page,bulletin.nu,612204,https://bulletin.nu/author/karl-gustel-warnberg,""
C_listing_page,bulletin.nu,28301,https://bulletin.nu/author/bjorn-tornvall,""
C_listing_page,document.dk,456597,https://www.document.dk/author/paulgro/,"Paul Grøtvedt, Author at Document Danmark"
C_listing_page,document.dk,579452,https://www.document.dk/author/trine/,"Trine Skarvang, Author at Document Danmark"
C_listing_page,document.dk,1272941,https://www.document.dk/kategori/kort,Kort
C_listing_page,document.dk,636688,https://www.document.dk/author/nemo/,"Nemo, Author at Document Danmark"
C_listing_page,document.dk,485306,https://www.document.dk/author/mikael-jalving/,"Mikael Jalving, Author at Document Danmark"
C_listing_page,elokapina.fi,668081,https://elokapina.fi/press/page/7/,"Lehdistölle | Elokapina, Extinction Rebellion Finland"
C_listing_page,elokapina.fi,151590,https://elokapina.fi/current/page/44/,"Uutiset | Elokapina, Extinction Rebellion Finland"
C_listing_page,elokapina.fi,46139,https://elokapina.fi/current/page/35/,"Uutiset | Elokapina, Extinction Rebellion Finland"
C_listing_page,elokapina.fi,585724,https://elokapina.fi/press/page/14/,"Lehdistölle | Elokapina, Extinction Rebellion Finland"
C_listing_page,elokapina.fi,197141,https://elokapina.fi/current/page/55/,"Uutiset | Elokapina, Extinction Rebellion Finland"
C_listing_page,exakt24.se,94290,https://exakt24.se/kategori/pg-faktagranskar/,PG faktagranskar-arkiv - Exakt24
C_listing_page,exakt24.se,630926,https://exakt24.se/kategori/biancas-sverige/,Biancas Sverige-arkiv - Exakt24
C_listing_page,exakt24.se,366398,https://exakt24.se/kategori/facebook/,Facebook-video-arkiv - Exakt24
C_listing_page,exakt24.se,522662,https://exakt24.se/kategori/reportage/,Reportage-arkiv - Exakt24
C_listing_page,exakt24.se,538819,https://exakt24.se/kategori/exakt24-moter/,Exakt24 möter-arkiv - Exakt24
C_listing_page,folkungen.se,350959,https://folkungen.se/category/evenemang/,Evenemang-arkiv - Folkungen
C_listing_page,folkungen.se,259148,https://folkungen.se/category/radio/,Radio Folkungen-arkiv - Folkungen
C_listing_page,folkungen.se,389472,https://folkungen.se/author/svenlarson/,"Sven Larson, författare på Folkungen"
C_listing_page,folkungen.se,455616,https://folkungen.se/category/insandare/,Insändare-arkiv - Folkungen
C_listing_page,folkungen.se,272458,https://folkungen.se/author/andreas/,"Andreas Råvik, författare på Folkungen"
C_listing_page,friatider.se,1003510,https://www.friatider.se/fornyad-pk-provning-nar-tv-klipp-hamnar-i-svts-arkiv,Förnyad PK-prövning när tv-klipp hamnar i SVT:s arkiv
C_listing_page,frihetskamp.no,589527,https://www.frihetskamp.no/tag/paulina-forslund/,Stikkord: Paulina Forslund
C_listing_page,frihetskamp.no,734073,https://www.frihetskamp.no/tag/tv2/,Stikkord: tv2
C_listing_page,frihetskamp.no,262810,https://www.frihetskamp.no/tag/euipo/,Stikkord: EUIPO
C_listing_page,frihetskamp.no,667579,https://www.frihetskamp.no/tag/poltava/,Stikkord: Poltava
C_listing_page,frihetskamp.no,464124,https://www.frihetskamp.no/tag/marxisme/,Stikkord: Marxisme
C_listing_page,hemali.no,485999,https://hemali.no/tag/legemiddelverket/,legemiddelverket Arkiver - Hemali
C_listing_page,hemali.no,256439,https://hemali.no/tag/balstad/,balstad Arkiver - Hemali
C_listing_page,hemali.no,156053,https://hemali.no/tag/ryan/,ryan Arkiver - Hemali
C_listing_page,hemali.no,500056,https://hemali.no/tag/matavhendig/,matavhendig Arkiver - Hemali
C_listing_page,hemali.no,157734,https://hemali.no/tag/henriette/,henriette Arkiver - Hemali
C_listing_page,insikt24.se,1094352,https://insikt24.se/category/samarbeten,Samarbeten
C_listing_page,inyheter.no,739272,https://inyheter.no/kategori/meninger/,Meninger Arkiver - inyheter.no - Nyheter og aktuelt - Innenriks og Utenriks.
C_listing_page,inyheter.no,36178,https://inyheter.no/kategori/video/,Video Arkiver - inyheter.no - Nyheter og aktuelt - Innenriks og Utenriks.
C_listing_page,inyheter.no,286600,https://inyheter.no/author/victoria-johsefine-holtan-solberg/,"Victoria Johsefine Holtan Solberg, forfatter på inyheter.no - Nyheter og aktuelt - Innenriks og Utenriks."
C_listing_page,inyheter.no,162965,https://inyheter.no/author/harald-wigum/,"Harald Wigum, forfatter på inyheter.no - Nyheter og aktuelt - Innenriks og Utenriks."
C_listing_page,inyheter.no,635818,https://inyheter.no/author/isabele-leal/,"Isabele Leal, forfatter på inyheter.no - Nyheter og aktuelt - Innenriks og Utenriks."
C_listing_page,kansalainen.fi,59242,https://www.kansalainen.fi/category/kulttuuri/,Kulttuuri arkistot | Kansalainen
C_listing_page,kansalainen.fi,498932,https://www.kansalainen.fi/myrskyluodon-maija-virkistavan-realistinen-kuvaus-suomen-historiasta/attachment/110075/,| Kansalainen
C_listing_page,kansalainen.fi,5711,https://www.kansalainen.fi/category/muu-maailma/,Muu maailma arkistot | Kansalainen
C_listing_page,kansalainen.fi,685030,https://www.kansalainen.fi/active-club-paijat-hame-kokoontui-kamppailutreenien-ja-kirjapiirin-merkeissa-arvostelussa-erityismaininnan-ansaitsi-kolme-kirjaa/attachment/109782/,| Kansalainen
C_listing_page,kansalainen.fi,107647,https://www.kansalainen.fi/category/eu/rikos-ulkomaat/,Rikos arkistot | Kansalainen
C_listing_page,kanto.media,480497,https://kanto.media/?attachment_id=2599,JC myöhemmät videot
C_listing_page,kanto.media,341254,https://kanto.media/?attachment_id=2595,John C ekat tubevideot
C_listing_page,kanto.media,679968,https://kanto.media/?attachment_id=2596,Merogenomics
C_listing_page,kontrast.dk,1096802,https://kontrast.dk/skribent/SimAnd,Simon Andersen
C_listing_page,kontrast.dk,1096799,https://kontrast.dk/skribent/fulgsang,Viktoria Fuglsang Semenova
C_listing_page,kontrast.dk,1096798,https://kontrast.dk/skribent/L_Kaaber,Lars Kaaber
C_listing_page,kontrast.dk,1096793,https://kontrast.dk/skribent/JonHustad,Jon Hustad
C_listing_page,kontrast.dk,1096797,https://kontrast.dk/skribent/OskarK,Oskar Skjøth Kaaber
C_listing_page,magneettimedia.com,337314,https://magneettimedia.com/category/nakokulma/,Näkökulma - Magneettimedia
C_listing_page,magneettimedia.com,622247,https://magneettimedia.com/category/suosittelemme/,Suosittelemme - Magneettimedia
C_listing_page,magneettimedia.com,130200,https://magneettimedia.com/category/talous/,Talous - Magneettimedia
C_listing_page,magneettimedia.com,723478,https://magneettimedia.com/author/toimitus/,"Toimitus, tekijä sivustolla Magneettimedia"
C_listing_page,magneettimedia.com,378261,https://magneettimedia.com/category/videot/,Videot - Magneettimedia
C_listing_page,newsvoice.se,266881,https://newsvoice.se/category/klimatet/,KLIMAT MILJÖ NATUR-arkiv - NewsVoice
C_listing_page,newsvoice.se,354512,https://newsvoice.se/category/halsa-artiklar/,HÄLSA-arkiv - NewsVoice
C_listing_page,newsvoice.se,430104,https://newsvoice.se/category/in-english/sweden-articles/,SWEDEN-arkiv - NewsVoice
C_listing_page,newsvoice.se,614417,https://newsvoice.se/category/energi/rymdindustrin/,RYMDFART-arkiv - NewsVoice
C_listing_page,newsvoice.se,109567,https://newsvoice.se/category/varlden/asien/,ASIEN-arkiv - NewsVoice
C_listing_page,nyadagbladet.se,548531,https://nyadagbladet.se/ekonomi/sd-tar-tillbaka-vallofte-om-sankta-branslepriser/attachment/bil-bensin-oscar-sjostedt-1/,bil-bensin-oscar-sjöstedt-1
C_listing_page,nyadagbladet.se,25729,https://nyadagbladet.se/kronikor/vem-ar-en-dalig-eller-rent-av-ond-manniska/attachment/terror2/,terror2
C_listing_page,nyadagbladet.se,311291,https://nyadagbladet.se/?attachment_id=109035,forintelsekonferens-malmo9
C_listing_page,nyadagbladet.se,517909,https://nyadagbladet.se/kultur/greys-anatomy-skadespelaren-hollywood-ar-vansterliberalernas-varld/attachment/isaiah-washington1/,Isaiah-washington1
C_listing_page,nyadagbladet.se,686459,https://nyadagbladet.se/inrikes/ungdomsgang-storde-flickmatch-i-innebandy-spottade-pa-och-hotade-idrottsforaldrar/attachment/innebandy-flickor/,innebandy-flickor
C_listing_page,nyatider.nu,45530,https://www.nyatider.nu/kategori/recensioner/,Recensioner - NyaTider.se
C_listing_page,nyatider.nu,736264,https://www.nyatider.nu/skribent/marten-gantelius/,Mårten Gantelius - NyaTider.se
C_listing_page,nyatider.nu,674376,https://www.nyatider.nu/skribent/dan-park/,Dan Park - NyaTider.se
C_listing_page,nyatider.nu,303139,https://www.nyatider.nu/skribent/alhem/,Erik Alhem - NyaTider.se
C_listing_page,nyatider.nu,296989,https://www.nyatider.nu/skribent/elsa-widding-och-christer-nilsson/,Elsa Widding och Christer Nilsson - NyaTider.se
C_listing_page,nyheteridag.se,107232,https://nyheteridag.se/category/kronika/,Krönika
C_listing_page,nyheteridag.se,69341,https://nyheteridag.se/category/noje/,Nöje
C_listing_page,nyheteridag.se,712008,https://nyheteridag.se/category/politik/,Politik
C_listing_page,nyheteridag.se,327944,https://nyheteridag.se/category/hetast-just-nu/,Hetast just nu
C_listing_page,nyheteridag.se,512185,https://nyheteridag.se/category/nordic/,Nordic
C_listing_page,nyhetsbyran.org,446214,https://nyhetsbyran.org/author/redaktion/,Redaktion - Nyhetsbyrån
C_listing_page,nyhetsbyran.org,322534,https://nyhetsbyran.org/author/jacob-hagnell/,Redaktionen - Nyhetsbyrån
C_listing_page,piopio.dk,32491,http://piopio.dk/forfatter-dygtige-lobbyister-talte-mink-branchen-op,Forfatter: Dygtige lobbyister talte mink-branchen op
C_listing_page,piopio.dk,689046,https://piopio.dk/kategori/skaermydsler,Skærmydsler
C_listing_page,piopio.dk,177596,https://piopio.dk/kategori/reportage,Reportage
C_listing_page,piopio.dk,706290,https://piopio.dk/kategori/internt,Internt
C_listing_page,piopio.dk,148475,http://piopio.dk/forfatter-s-analyse-ramte-helt-forkert,Forfatter: S-analyse ramte helt forkert
C_listing_page,proletaren.se,208716,https://proletaren.se/skribent/emelie_mcbay/,Fortsatt stormigt runt succén Kneecap
C_listing_page,proletaren.se,1224877,https://proletaren.se/skribent/marcus_jonsson/,Nya hot mot Kuba – Raul Castro åtalas i USA
C_listing_page,proletaren.se,1224879,https://proletaren.se/skribent/webbutskott/,webbutskott
C_listing_page,proletaren.se,1224878,https://proletaren.se/skribent/august-eliasson/,Israelisk soldat föreläste i Stockholm – högerdebattörer sprider desinformation
C_listing_page,proletaren.se,553516,https://proletaren.se/skribent/patrik_paulov/,Spionappen som kan ha stjälpt Assad
C_listing_page,psst-nyt.dk,1060312,https://psst-nyt.dk/vare-kategori/medlemskab/,Vælg dit medlemskab Arkiv - Psst
C_listing_page,pt-media.org,194179,https://pt-media.org/category/sahko/,Ruotsin ja samalla Euroopan suurin tuulivoimapuisto konkurssiin – ”vihreä” lasku veronmaksajille -
C_listing_page,pt-media.org,322720,https://pt-media.org/category/malmon-seuranta/,Kaksi nuorukaista taivaan porteille ammuskelussa -
C_listing_page,pt-media.org,253017,https://pt-media.org/author/saranordstrom/,Maksupääte ja sen rooli nykypäivän liiketoiminnassa -
C_listing_page,pt-media.org,599533,https://pt-media.org/category/ruotsalaisten-medioiden-viikkokatsaus/,Viikon poiminnat Ruotsin vaihtoehtomediasta -
C_listing_page,pt-media.org,240666,https://pt-media.org/category/uppsala/,Uppsalan vanhustenahdisteluryppään raiskausuhri 84-vuotias suomalainen -
C_listing_page,redox.dk,276122,https://redox.dk/tags/kent-ivan-nielsen/,Kent Ivan Nielsen Arkiv - Researchkollektivet Redox
C_listing_page,redox.dk,346642,https://redox.dk/tags/dansk-samling/,dansk samling Arkiv - Researchkollektivet Redox
C_listing_page,redox.dk,301758,https://redox.dk/tags/kv17/,KV17 Arkiv - Researchkollektivet Redox
C_listing_page,redox.dk,130329,https://redox.dk/tags/rene-birk-danielsson/,René Birk Danielsson Arkiv - Researchkollektivet Redox
C_listing_page,redox.dk,327663,https://redox.dk/tags/philip-brandt/,Philip Brandt Arkiv - Researchkollektivet Redox
C_listing_page,responsmedie.dk,260696,https://www.responsmedie.dk/kategori/temaudgivelser/,Temaudgivelser Archives – Respons
C_listing_page,responsmedie.dk,657351,https://www.responsmedie.dk/kategori/artikler/debat/,Debat Archives – Respons
C_listing_page,responsmedie.dk,506257,https://www.responsmedie.dk/kategori/podcast/,Podcast Archives – Respons
C_listing_page,responsmedie.dk,475036,https://www.responsmedie.dk/kategori/temaudgivelser/dataovervagning/,Dataovervågning Archives – Respons
C_listing_page,responsmedie.dk,711665,https://www.responsmedie.dk/kategori/temaudgivelser/mere-end-mursten/,Mere end mursten Archives – Respons
C_listing_page,rights.no,720367,https://www.rights.no/arkiv/,Arkiv
C_listing_page,sameksistens.com,98208,https://www.sameksistens.com/artikler/tag/Switzerland,Sameksistens
C_listing_page,sameksistens.com,643975,https://www.sameksistens.com/artikler/category/Globalt,Sameksistens
C_listing_page,sameksistens.com,446790,https://www.sameksistens.com/artikler/tag/Hat,Sameksistens
C_listing_page,sameksistens.com,198669,https://www.sameksistens.com/artikler/tag/Restaurant,Sameksistens
C_listing_page,sameksistens.com,58978,https://www.sameksistens.com/artikler/tag/OOTD,Sameksistens
C_listing_page,samnytt.se,156994,https://samnytt.se/category/reportage/,Ocensurerade nyheter! - Samnytt
C_listing_page,samnytt.se,70141,https://samnytt.se/category/inrikes/,Ocensurerade nyheter! - Samnytt
C_listing_page,samnytt.se,671659,https://samnytt.se/category/featured/,Ocensurerade nyheter! - Samnytt
C_listing_page,samnytt.se,455997,https://samnytt.se/category/samnytt-tv/,Ocensurerade nyheter! - Samnytt
C_listing_page,samnytt.se,683283,https://samnytt.se/category/utrikes/,Ocensurerade nyheter! - Samnytt
C_listing_page,solidaritet.dk,951675,https://solidaritet.dk/skribent/allan-ahmad/,Allan Ahmad Arkiv | Solidaritet
C_listing_page,solidaritet.dk,951511,https://solidaritet.dk/skribent/susanna-dyre-greensite/,Susanna Dyre-Greensite Arkiv | Solidaritet
C_listing_page,solidaritet.dk,951662,https://solidaritet.dk/skribent/michael-sabroe/,Michael Sabroe Arkiv | Solidaritet
C_listing_page,solidaritet.dk,951979,https://solidaritet.dk/skribent/li-andersson/,Li Andersson Arkiv | Solidaritet
C_listing_page,solidaritet.dk,951905,https://solidaritet.dk/skribent/sophie-schau/,Sophie Schau Arkiv | Solidaritet
C_listing_page,svegot.se,487188,https://www.svegot.se/kategori/podcast/kms-bonus/,Arkiv: KMS Bonus - Podcasts från Det fria Sverige
C_listing_page,svegot.se,551251,https://www.svegot.se/kategori/podcast/svegot-plus/,Arkiv: Svegot Plus - Podcasts från Det fria Sverige
C_listing_page,tv.frihedensstemme.dk,291379,https://tv.frihedensstemme.dk/?attachment_id=16892,Anklageskrift
C_listing_page,utenfilter.no,366109,https://www.utenfilter.no/category/kunst/,kunst - utenfilter.no
C_listing_page,utenfilter.no,351923,https://www.utenfilter.no/category/europa/ukraina/,Ukraina - utenfilter.no
C_listing_page,utenfilter.no,525444,https://www.utenfilter.no/category/aktivisme/kvinnerett/,Kvinnerett - utenfilter.no
C_listing_page,utenfilter.no,193393,https://www.utenfilter.no/category/aktivisme/journalisme/,Journalisme - utenfilter.no
C_listing_page,utenfilter.no,532477,https://www.utenfilter.no/category/religion/kristendom/,Kristendom - utenfilter.no
C_listing_page,vaken.se,38452,https://www.vaken.se/author/delavante/,Delavante
C_listing_page,vaken.se,561639,https://www.vaken.se/category/agera/aktivist/,Bli aktivist-arkiv
C_listing_page,vaken.se,91600,https://www.vaken.se/category/media/,Media-arkiv
C_listing_page,vaken.se,138490,https://www.vaken.se/category/pa-vaken-se/mikael-cromsjo/,Mikael Cromsjö-arkiv
C_listing_page,vaken.se,739191,https://www.vaken.se/category/pa-vaken-se/martin-nilson/,Martin Nilson-arkiv
C_listing_page,varisverkosto.com,357357,https://varisverkosto.com/category/mielipidekirjoitukset/haastattelu/,Haastattelu
C_listing_page,vof.no,385872,https://vof.no/category/arkiv/2010,2010 - Helsemagasinet vitenskap og fornuft
C_listing_page,vof.no,122361,https://vof.no/category/artikler/behandling,Behandling - Helsemagasinet vitenskap og fornuft
C_listing_page,vof.no,367867,https://vof.no/category/for-abonnenter,For abonnenter - Helsemagasinet vitenskap og fornuft
C_listing_page,vof.no,718489,https://vof.no/category/kurs-foredrag,Kurs/Foredrag - Helsemagasinet vitenskap og fornuft
C_listing_page,vof.no,261557,https://vof.no/category/arkiv/2025,2025 - Helsemagasinet vitenskap og fornuft
D_teaser_only,arbetaren.se,1182009,https://www.arbetaren.se/2025/12/05/hyresstrejk-en-paminnelse-om-att-kollektiv-organisering-fungerar/,Hyresstrejk – en påminnelse om att kollektiv organisering fungerar
D_teaser_only,arbetaren.se,1182012,https://www.arbetaren.se/2025/12/02/darfor-vill-trump-invadera-venezuela/,Därför vill Trump invadera Venezuela
D_teaser_only,arbetaren.se,1181980,https://www.arbetaren.se/2025/12/16/tidoregeringen-bakom-okade-utslapp/,Tidöregeringen bakom ökade utsläpp
D_teaser_only,arbetaren.se,1182001,https://www.arbetaren.se/2025/12/10/kritik-mot-marx-hundra-ar-senare/,Kritik mot Marx hundra år senare
D_teaser_only,arbetaren.se,1182017,https://www.arbetaren.se/2025/12/01/israeliska-vapenforetag-varldsledande-genom-test-pa-palestinier/,Israeliska vapenföretag världsledande – genom ”test” på palestinier
D_teaser_only,avoin.media,496598,https://avoin.media/2021/12/24/olemme-vaarassa-usa-eu-ja-nato-venajaa-vastaan-tapaus-ukraina/,"Olemme vaarassa. USA, EU ja NATO Venäjää vastaan — tapaus Ukraina"
D_teaser_only,bulletin.nu,639118,https://bulletin.nu/lind-n-ar-min-avtrubbning-infor-ein-rs-dod-representativ,Lindén: Är min avtrubbning inför Einárs död representativ?
D_teaser_only,detgodasamhallet.com,528556,https://detgodasamhallet.com/2025/02/10/lorentz-lyttkens-rik-elit-eller-vanliga-pensionssparare/,LORENTZ LYTTKENS: Rik elit eller vanliga pensionssparare?
D_teaser_only,document.no,284932,https://www.document.no/2018/08/14/krasjet-inn-i-sperring-ved-parlamentet-i-london/,Krasjet inn i sperring ved parlamentet i London
D_teaser_only,document.no,650888,https://www.document.no/2013/04/22/15-eu-land-vil-boikotte-varer-produsert-pa-vestbredden/,15 EU-land vil boikotte varer produsert på Vestbredden
D_teaser_only,document.no,609050,https://www.document.no/2021/07/07/kindred-spirits-1849/,Kindred Spirits (1849)
D_teaser_only,document.no,307091,https://www.document.no/2017/08/14/de-unge-reaksjonaeres-taleror/,De unge reaksjonæres talerør
D_teaser_only,document.no,309040,https://www.document.no/2010/01/07/folke-journalistikk_svekker_ir/,"""Folke-journalistikk"" svekker Iran-regimet"
D_teaser_only,friatider.se,988186,https://www.friatider.se/inf-r-franska-valet-g-r-din-plikt-som-muslim-och-d-da,"IS inför franska valet: ""Gör din plikt som muslim och döda!"""
D_teaser_only,inyheter.no,220846,https://inyheter.no/18/06/2024/usa-ukraina-ma-vinne-krigen-for-nato-medlemskap/,USA: Ukraina må vinne krigen før NATO-medlemskap (+)
D_teaser_only,inyheter.no,137754,https://inyheter.no/21/10/2023/siste-abrams-stridsvogner-skal-ha-ankommet-ukraina-for-sent/,Siste Abrams-stridsvogner skal ha ankommet Ukraina: – For sent (+)
D_teaser_only,inyheter.no,428477,https://inyheter.no/29/06/2024/forsvaret-med-annonsekampanje-for-flere-muslimer-og-mer-mangfold/,"Forsvaret med annonsekampanje for flere muslimer og mer ""mangfold"" (+)"
D_teaser_only,inyheter.no,1173268,https://inyheter.no/15/09/2025/ny-studie-treningsovelsen-som-kan-bremse-kreftceller/,Ny studie: Treningsøvelsen som kan bremse kreftceller (+)
D_teaser_only,inyheter.no,457331,https://inyheter.no/09/05/2024/publiserte-fakta-om-afghanske-migranters-voldtektsstatistikk-domt-for-hatprat/,Publiserte fakta om afghanske migranters voldtektsstatistikk – dømt for hatprat (+)
D_teaser_only,newsvoice.se,136952,https://newsvoice.se/2025/07/dmitrij-trenin-riac-karnvapenkrig/,Dmitrij Trenin (RIAC) varnar för kärnvapenkrig mellan Väst och Ryssland före 2035 - NewsVoice
D_teaser_only,nyatider.nu,659080,https://www.nyatider.nu/ekeroth-siktar-hogt-vill-ta-over-migrationsverket-efter-ribbenvik/,Ekeroth siktar högt – vill ta över Migrationsverket efter Ribbenvik - NyaTider.se
D_teaser_only,nyatider.nu,375775,https://www.nyatider.nu/usa-is-ledaren-al-baghdadi-dodad-under-nattrad-i-syrien/,USA: IS-ledaren al-Baghdadi dödad under natträd i Syrien - NyaTider.se
D_teaser_only,nyatider.nu,612160,https://www.nyatider.nu/osterrike-skickar-militarpersonal-till-afrika-i-syfte-att-minska-migrationen/,Österrike skickar militärpersonal till Afrika i syfte att minska migrationen - NyaTider.se
D_teaser_only,nyatider.nu,3988,https://www.nyatider.nu/msb-till-nya-tider-om-hjalp-att-slacka-ryssland-ar-nog-inte-det-forsta-landet-vi-fragar/,MSB till Nya Tider om hjälp att släcka: ”Ryssland är nog inte det första landet vi frågar” - NyaTider.se
D_teaser_only,nyatider.nu,727500,https://www.nyatider.nu/ransomware-ett-vaxande-it-hot/,Ransomware – ett växande IT-hot - NyaTider.se
D_teaser_only,nyheteridag.se,656808,https://nyheteridag.se/man-skjuten-i-stockholm-har-jagar-tungt-bevapnad-polis-garningsmannen/,Man skjuten i Stockholm – Här jagar tungt beväpnad polis gärningsmännen - Nyheter Idag
D_teaser_only,nyheteridag.se,285477,https://nyheteridag.se/zackrisson-wolodarskis-haveri-om-oksanen-mejlen/,Zackrisson: Wolodarskis haveri om Oksanen-mejlen - Nyheter Idag
D_teaser_only,nyheteridag.se,674307,https://nyheteridag.se/avhysningar-av-eu-migranter-paborjade-i-goteborg-tjansteman-sasongen-har-bara-borjat/,Avhysningar av EU-migranter påbörjade i Göteborg — Tjänsteman: ”Säsongen har bara börjat” - Nyheter Idag
D_teaser_only,positv.fi,613794,https://positv.fi/videot/tkk-7/,TKK - Posi TV
D_teaser_only,positv.fi,550669,https://positv.fi/videot/tkk-15/,TKK - Posi TV
D_teaser_only,positv.fi,492001,https://positv.fi/videot/tkk-24/,TKK - Posi TV
D_teaser_only,positv.fi,699958,https://positv.fi/videot/tkk-4/,TKK - Posi TV
D_teaser_only,positv.fi,411723,https://positv.fi/videot/tkk-02/,TKK - Posi TV
D_teaser_only,rights.no,515051,https://www.rights.no/2017/09/borgerlig-flertall-tross-nedgang-for-frp/,"Borgerlig flertall, tross nedgang for FrP"
D_teaser_only,samnytt.se,85942,https://samnytt.se/ny-studie-visar-att-utlandsfodda-begar-de-flesta-valdtakterna/,Ny studie visar att utlandsfödda begår de flesta våldtäkterna » Samnytt
D_teaser_only,samnytt.se,544797,https://samnytt.se/centerpartiet-putin-som-ligger-bakom-de-hoga-elpriserna/,Centerpartiet: Putin som ligger bakom de höga elpriserna » Samnytt
D_teaser_only,samnytt.se,498631,https://samnytt.se/sa-sager-m-politikerna-i-solvesborg-om-brytningen-med-sd/,Så säger M-politikerna i Sölvesborg om brytningen med SD » Samnytt
D_teaser_only,samnytt.se,121723,https://samnytt.se/amerikanska-folket-putin-hade-inte-invaderat-med-trump-som-president/,Amerikanska folket: Putin hade inte invaderat med Trump som president » Samnytt
D_teaser_only,samnytt.se,129856,https://samnytt.se/har-flyr-barntranaren-efter-sexchatt-med-13-aring/,"Här flyr barntränaren efter sexchatt med ""13-åring"" » Samnytt"
D_teaser_only,samtiden.nu,405858,https://samtiden.nu/2018/07/dns-angrepp-mot-bali-kritiseras-begriper-inte-skillnaden-mellan-vardering-och-fakta/,"DN:s angrepp mot Bali kritiseras ""Begriper inte skillnaden mellan värdering och fakta"" - Samtiden"
D_teaser_only,verkkosanomat.com,1169972,https://verkkosanomat.com/tili/,Käyttäjätili | VERKKOSANOMAT
D_teaser_only,verkkosanomat.com,1168773,https://verkkosanomat.com/tilaus/,VS Premium - Tilaajan sivut | VERKKOSANOMAT
D_teaser_only,verkkosanomat.com,1215704,https://verkkosanomat.com/membership-levels/,Membership Levels | VERKKOSANOMAT
E_near_empty,24nyt.dk,549627,http://24nyt.dk/video-her-styrter-klippe-sammen-midt-mens-unge-mennesker-springer-ud-fra-den/,VIDEO: Her styrter klippe sammen midt mens unge mennesker springer ud fra den - 24NYT
E_near_empty,24nyt.dk,695565,http://24nyt.dk/dies-irae-dies-illa-solvet-saeclum-in-favilla/,"DIES IRAE, DIES ILLA SOLVET SAECLUM IN FAVILLA - 24NYT"
E_near_empty,24nyt.dk,117635,http://24nyt.dk/sverige-kun-61-pct-af-migranterne-i-ordinaert-job/,"Sverige: Kun 6,1 pct. af migranterne i ordinært job - 24NYT"
E_near_empty,24nyt.dk,458595,http://24nyt.dk/vejledning-om-offentlige-ydelser-nu-paa-arabisk/,Vejledning om offentlige ydelser – nu på arabisk - 24NYT
E_near_empty,24nyt.dk,191625,http://24nyt.dk/donald-trump-brokker-sig-ud-af-sin-fremtid/,DONALD TRUMP BROKKER SIG UD AF SIN FREMTID - 24NYT
E_near_empty,arbetaren.se,351789,https://www.arbetaren.se/logga-in/,Logga in på Arbetaren
E_near_empty,arbetaren.se,101779,https://www.arbetaren.se/nyhetsbrevet/,Arbetarens nyhetsbrev
E_near_empty,arbetaren.se,8397,https://www.arbetaren.se/tack/,Tack!
E_near_empty,arbetaren.se,495423,https://www.arbetaren.se/tack-for-din-bestallning/,Tack för din beställning!
E_near_empty,arbetaren.se,22947,https://www.arbetaren.se/group/textspalt/,Grupper: Textspalt
E_near_empty,dkdox.tv,347578,http://dkdox.tv/videos/DK21008,De ny mRNA vacciner er alt andet end sikre - dkdox.tv
E_near_empty,document.dk,102936,https://www.document.dk/2021/08/05/mellemspil-cesar-franck-klaverkvintet-f-moll-1879/,"Mellemspil - César Franck: Klaverkvintet, f-moll (1879)"
E_near_empty,document.dk,431701,https://www.document.dk/2016/05/02/florida-angreb-paa-synagoge-afvaerget/,Florida: Angreb mod synagoge afværget
E_near_empty,document.dk,82934,https://www.document.dk/2016/09/14/bilbrande-fortsaetter/,Bilbrande fortsætter
E_near_empty,document.dk,551256,https://www.document.dk/2018/08/28/35464/,Mellemspil - Beethoven - Egmont-ouverture op. 84 (1809)
E_near_empty,document.dk,687307,https://www.document.dk/2018/10/21/oktober-fra-sin-beste-side/,Oktober fra sin beste side
E_near_empty,document.no,1213788,https://www.document.no/2026/03/11/interlude-saint-saens-danse-macabre-for-orkester/,Interlude: Saint-Saëns &#8211; Danse macabre for orkester
E_near_empty,document.no,1212352,https://www.document.no/2026/04/18/interlude-corelli-concerto-grosso-op-6-nr-4/,Interlude: Corelli &#8211; concerto grosso op. 6 nr. 4
E_near_empty,document.no,373280,https://www.document.no/2023/08/26/interlude-blumenfeld-mazurka-i-c-moll/,Interlude: Blumenfeld - mazurka i c-moll
E_near_empty,document.no,1213389,https://www.document.no/2026/03/21/interlude-couperin-suite-25-for-cembalo/,Interlude: Couperin &#8211; suite 25 for cembalo
E_near_empty,document.no,681251,https://www.document.no/2023/09/11/interlude-stravinskij-fodselsdagsforspill/,Interlude: Stravinskij - Fødselsdagsforspill
E_near_empty,exakt24.se,119168,https://exakt24.se/invandrarkravallerna-fortsatter-i-norrkoping/,Invandrarkravallerna fortsätter i Norrköping - Exakt24
E_near_empty,exakt24.se,452839,https://exakt24.se/jeff-ahl-afs-om-vad-som-star-pa-spel-i-valet/,Jeff Ahl (AfS) om vad som står på spel i valet - Exakt24
E_near_empty,flamman.se,192418,https://www.flamman.se/ag/,Autogiromedgivande
E_near_empty,flamman.se,655741,https://www.flamman.se/flamman-tv-avsnitt-1/,”Varför känns sekten i Knutby så sexig?”
E_near_empty,folkets.dk,333510,https://www.folkets.dk/brands/mammut,Mammut
E_near_empty,folkets.dk,247055,https://www.folkets.dk/support/betaling/tilmeld,Tilmeld betaling
E_near_empty,folkungen.se,55102,https://folkungen.se/tdb_templates/tag-template-default-pro/,Tag Template - Default PRO - Folkungen
E_near_empty,folkungen.se,411870,https://folkungen.se/radio-folkungen-fjallvandring-sossar-och-frihetssnack/,"Radio Folkungen: Fjällvandring, sossar och frihetssnack"
E_near_empty,folkungen.se,324135,https://folkungen.se/tdb_templates/footer-template-default-pro/,Footer Template - Default PRO - Folkungen
E_near_empty,folkungen.se,493575,https://folkungen.se/tdb_templates/category-template-default-pro/,Category Template - Default PRO - Folkungen
E_near_empty,folkungen.se,365756,https://folkungen.se/hem/,Hem | Välkommen till Folkungen!
E_near_empty,frihetskamp.no,532749,https://www.frihetskamp.no/klistremerker-i-ravnedalen/,Klistremerker i Ravnedalen
E_near_empty,frihetskamp.no,273350,https://www.frihetskamp.no/treningsrapport-fra-steinberg/,Treningsrapport fra Steinberg
E_near_empty,frihetskamp.no,569760,https://www.frihetskamp.no/rede-2-treningsrapport-6/,Rede 2: Treningsrapport
E_near_empty,frihetskamp.no,299094,https://www.frihetskamp.no/aktivisme-i-hernes/,Aktivisme i Hernes
E_near_empty,frihetskamp.no,382820,https://www.frihetskamp.no/kampgruppe-302-studiesirkel/,Kampgruppe 302: Studiesirkel
E_near_empty,hemali.no,50796,https://hemali.no/takk-for-stotten-aksjonaer/,Takk for at du støtter oss - Hemali
E_near_empty,inyheter.no,478990,https://inyheter.no/donasjoner/,Donasjoner - inyheter.no - Nyheter og aktuelt - Innenriks og Utenriks.
E_near_empty,inyheter.no,240155,https://inyheter.no/22/06/2022/10-steder-du-bor-besoke-i-belgia/,10 steder du bør besøke i Belgia - inyheter.no - Nyheter og aktuelt - Innenriks og Utenriks.
E_near_empty,inyheter.no,683900,https://inyheter.no/produkt/in-gullabonnement/,iN Gullabonnement - inyheter.no - Nyheter og aktuelt - Innenriks og Utenriks.
E_near_empty,inyheter.no,406368,https://inyheter.no/avlyst-vippsbetaling/,Avlyst Vippsbetaling - inyheter.no - Nyheter og aktuelt - Innenriks og Utenriks.
E_near_empty,inyheter.no,337537,https://inyheter.no/produkt/inyheter-aars-abonnement/,iN Års-abonnement - inyheter.no - Nyheter og aktuelt - Innenriks og Utenriks.
E_near_empty,kansalainen.fi,419372,https://www.kansalainen.fi/katso-video-raukkamaisesta-pahoinpitelysta-jonka-tekijoiden-tukitilaisuudessa-li-andersson-esiintyi/photo_2024-12-15_09-31-00/,photo_2024-12-15_09-31-00 | Kansalainen
E_near_empty,kansalainen.fi,54249,https://www.kansalainen.fi/italia-paaministeri-melonin-taistelu-laitonta-maahanmuuttoa-vastaan-on-ollut-parhaimmillaankin-tehotonta/giorgia_meloni_23-03-23/,"Giorgia_Meloni,_23.03.23 | Kansalainen"
E_near_empty,kansalainen.fi,661321,https://www.kansalainen.fi/musk-siirtaa-spacexn-ja-xn-toiminnan-kokonaan-pois-kaliforniasta-vastustaakseen-uutta-transsukupuolisuuslakia/nayttokuva-2024-07-17-160907/,Näyttökuva 2024-07-17 160907 | Kansalainen
E_near_empty,kansalainen.fi,10855,https://www.kansalainen.fi/saksa-transnainen-pahoinpideltiin-raitiovaunussa-tekijat-12-16-vuotiaita-nuoria/1280px-strasenbahn_bremen_1_3130_hauptbahnhof_190113/,1280px-Straßenbahn_Bremen_1_3130_Hauptbahnhof_190113 | Kansalainen
E_near_empty,kansalainen.fi,5974,https://www.kansalainen.fi/ruotsi-syyttaja-haluaa-korkeimman-hallinto-oikeuden-tutkivan-onko-rotuun-perustuvasta-aosta-keskusteleminen-laillista/children-preparing-to-learn-to-read-at-rejaf-primary-school-in-j/,Children preparing to learn to read at rejaf primary school in j | Kansalainen
E_near_empty,kanto.media,483114,https://kanto.media/we-can-hack-humans-dr-yuval-harari/,we can hack humans Dr Yuval Harari
E_near_empty,kanto.media,454589,https://kanto.media/andrey-metelev-sahkoverkko-unsplash/,andrey-metelev-sahkoverkko-unsplash
E_near_empty,kanto.media,243858,https://kanto.media/329180518_557811259740946_4460010233960398301_n/,329180518_557811259740946_4460010233960398301_n
E_near_empty,kanto.media,652851,https://kanto.media/329119728_1423048941835970_7225532328159144009_n/,329119728_1423048941835970_7225532328159144009_n
E_near_empty,kanto.media,625626,https://kanto.media/cropped-cropped-jmprof-jpg/,cropped-cropped-jmprof.jpg
E_near_empty,lykten.no,529616,https://www.lykten.no/dagens-video/til-alle-muslimer-i-norge/,Til alle muslimer i Norge | Lykten
E_near_empty,lykten.no,400789,https://www.lykten.no/notiser/india-bilder-sjalu-ektemann-halshugget-sin-kone-og-tok-det-med-til-politistasjonen/,INDIA: (Bilder) Sjalu ektemann halshugget sin kone og tok det med til politistasjonen | Lykten
E_near_empty,lykten.no,702568,https://www.lykten.no/dagens-bilde/dagens-bilde-norske-tilstander/,DAGENS BILDE: Norske tilstander | Lykten
E_near_empty,lykten.no,456016,https://www.lykten.no/notiser/desperasjon-hos-venstresiden-tv-stjerne-gir-1-million-dollar-til-demokratene/,Desperasjon hos venstresiden: TV-stjerne gir 1 million dollar til demokratene | Lykten
E_near_empty,magneettimedia.com,663856,https://magneettimedia.com/juutalaiset-jotka-omistavat-median-suomenkielinen-tekstitys-veli-nathanael/,Juutalaiset jotka omistavat median (suomenkielinen tekstitys) - Veli Nathanael - Magneettimedia
E_near_empty,magneettimedia.com,263880,https://magneettimedia.com/mika-ilmastonmuutos/,Mikä ilmastonmuutos? - Magneettimedia
E_near_empty,magneettimedia.com,269364,https://magneettimedia.com/ilmaston-jaahtyminen-seuraako-uusi-jaakausi/,Ilmaston jäähtyminen: seuraako uusi jääkausi? - Magneettimedia
E_near_empty,magneettimedia.com,136321,https://magneettimedia.com/julkaisut-nyt-myos-facebookissa/,Julkaisut nyt myös Facebookissa! - Magneettimedia
E_near_empty,mekansa.fi,742089,https://mekansa.fi/tapahtumat/omat-varaukset/,Omat varaukset | Me Kansa
E_near_empty,modstroemmen.dk,1059807,https://modstroemmen.dk/type/video/,Video – Magasinet Modstrømmen
E_near_empty,mvlehti.net,606587,https://mvlehti.net/users/,Users - Uusi MV-Lehti
E_near_empty,newspeek.info,356693,https://newspeek.info/paris-civil-war-2/,Paris civil war
E_near_empty,newspeek.info,614833,https://newspeek.info/malmoe-muslimer-angrib-joederne/,Malmø muslimer angrib jøderne
E_near_empty,newspeek.info,412536,https://newspeek.info/abbildung-zu-objekt-inv-nr-c-3-von-museum-im-melanchthonhaus-bretten-2/,Abbildung zu Objekt Inv.Nr. C 3 von Museum im Melanchthonhaus Bretten
E_near_empty,newspeek.info,333117,https://newspeek.info/charles-martel/,Charles Martel
E_near_empty,newspeek.info,197299,https://newspeek.info/shutterstock_176546426/,shutterstock_176546426
E_near_empty,newsvoice.se,69672,https://newsvoice.se/2015/03/jimmy-kimmel-live-obama-denies-knowledge-of-aliens/,Jimmy Kimmel Live: Obama denies knowledge of Aliens - NewsVoice
E_near_empty,newsvoice.se,478235,https://newsvoice.se/kontakt/tack/,Tack! - NewsVoice
E_near_empty,newsvoice.se,709306,https://newsvoice.se/2015/07/goldman-sachs-employee-and-insider-explains-how-greece-fights-the-banks/,Goldman Sachs employee and insider explains how Greece fights the banks - NewsVoice
E_near_empty,newsvoice.se,524773,https://newsvoice.se/logga-in/,Logga in - NewsVoice
E_near_empty,newsvoice.se,321987,https://newsvoice.se/2013/01/cafe-del-mar-eternity-volume-xv/,Café del Mar - Eternity Volume XV - NewsVoice
E_near_empty,nyadagbladet.se,282740,https://nyadagbladet.se/sok/,Sök – Nya Dagbladet
E_near_empty,nyatider.nu,525471,https://www.nyatider.nu/video-mikaela-berattar-om-valdtaktsforsoket-i-deje/,Video: Mikaela berättar om våldtäktsförsöket i Deje - NyaTider.se
E_near_empty,nyatider.nu,321926,https://www.nyatider.nu/nyh/,nyh - NyaTider.se
E_near_empty,nyatider.nu,53912,https://www.nyatider.nu/video/,Video - NyaTider.se
E_near_empty,nyatider.nu,129777,https://www.nyatider.nu/nya-tider-tar-sommarledigt/,Nya Tider tar sommarledigt! - NyaTider.se
E_near_empty,nyatider.nu,511870,https://www.nyatider.nu/uppsagning-utloggad/,Uppsägning som utloggad - NyaTider.se
E_near_empty,nyheteridag.se,405093,https://nyheteridag.se/dagens-cbd-djungel/,Dagens CBD djungel - Nyheter Idag
E_near_empty,nyheteridag.se,273237,https://nyheteridag.se/test-page-for-ads/,Test page for ads - Nyheter Idag
E_near_empty,nyheteridag.se,84490,https://nyheteridag.se/sa-tvingade-darragi-dottern-att-spela-handikappad-lakaren-pratade-bara-med-min-pappa-inte-med-mig/,"Så tvingade Darragi dottern att spela handikappad: ”Läkaren pratade bara med min pappa, inte med mig” - Nyheter Idag"
E_near_empty,nyheteridag.se,749993,https://nyheteridag.se,Nyheter Idag - Du vet att vi behövs!
E_near_empty,nyheteridag.se,138111,https://nyheteridag.se/pressrum/,Pressrum - Nyheter Idag
E_near_empty,nyhetsbyran.org,589579,https://nyhetsbyran.org/integritetspolicy/,Integritetspolicy
E_near_empty,partisaani.com,581756,https://www.partisaani.com/news/culture/,Kulttuuri - Partisaani
E_near_empty,partisaani.com,263471,https://www.partisaani.com/news/activism/2023/05/01/seuraa-kansalaisen-vappulahetysta/,Seuraa Kansalaisen vappulähetystä! - Partisaani
E_near_empty,partisaani.com,711421,https://www.partisaani.com/news/politics/2023/03/04/smln-varsinais-suomen-eduskuntavaaliehdokkaita-tavattavissa-naantalissa-5-3-2023/,SML:n Varsinais-Suomen eduskuntavaaliehdokkaita tavattavissa Naantalissa 5.3.2023 - Partisaani
E_near_empty,partisaani.com,284218,https://www.partisaani.com/archive/,Radikaali arkisto - Partisaani
E_near_empty,piopio.dk,705931,http://piopio.dk/louis-pio-del-1,Louis Pio - del 1
E_near_empty,piopio.dk,458098,http://piopio.dk/den-sorte-streg-ingen-snak-om-skattesag,Den Sorte Streg: Ingen snak om skattesag
E_near_empty,piopio.dk,16914,http://piopio.dk/stauning-0,Stauning
E_near_empty,piopio.dk,300198,http://piopio.dk/hedtoft-og-hc-hansen,Hedtoft og H.C. Hansen
E_near_empty,piopio.dk,625701,http://piopio.dk/louis-pio-del-3,Louis Pio - del 3
E_near_empty,positv.fi,439438,https://positv.fi/videot/ajankohtainen-ykkonen-korona-katarsis/,Ajankohtainen Ykkönen - korona katarsis - Posi TV
E_near_empty,proletaren.se,484771,https://proletaren.se/sport/,Sport
E_near_empty,proletaren.se,574909,https://proletaren.se/./sport/,Sport
E_near_empty,proletaren.se,366689,https://proletaren.se/./insant/,Insänt
E_near_empty,psst-nyt.dk,644879,https://psst-nyt.dk/opinion/,Psst
E_near_empty,pt-media.org,42948,https://pt-media.org/2020/07/10/vihapuhe-fm-10-7-2020-tanssi-pahuuden-kanssa-klo-19-00/,Vihapuhe FM 10.7.2020: Tanssi pahuuden kanssa klo 19.00 -
E_near_empty,radikalpolitikk.no,399826,https://radikalpolitikk.no/beach/,beach
E_near_empty,radikalpolitikk.no,334200,https://radikalpolitikk.no/booking/,Booking
E_near_empty,radikalpolitikk.no,659987,https://radikalpolitikk.no/5548863745_dfe7c23de0_o/,5548863745_dfe7c23de0_o
E_near_empty,radikalpolitikk.no,175053,https://radikalpolitikk.no/husokkupantene_8933/,Uten tittel
E_near_empty,radikalpolitikk.no,727124,https://radikalpolitikk.no/drakbar/,drAkbar
E_near_empty,rights.no,580584,https://www.rights.no/epost-abonnement/,Epost-abonnement
E_near_empty,riks.se,294423,https://riks.se/opinion/syrier-valdtog-och-gjorde-en-12-arig-flicka-gravid,Syrier våldtog och gjorde en 12-årig flicka gravid
E_near_empty,riks.se,78305,https://riks.se/nyheter/tillslut-kom-det-joe-bidens-demens-tystnades-ner,Tillslut kom det: Joe Bidens demens tystnades ner
E_near_empty,riks.se,322578,https://riks.se/nyheter/annu-en-journalist-attackerad-palestinademonstration-i-stockholm,Ännu en journalist attackerad: Palestinademonstration i Stockholm
E_near_empty,riks.se,579721,https://riks.se/opinion/nytorgsmannen-gripen-igen,Nytorgsmannen - gripen igen
E_near_empty,riks.se,587850,https://riks.se/nyheter/vansterextremister-arrangerar-stokig-stadsvandring-i-stockholm,Vänsterextremister arrangerar stökig stadsvandring i Stockholm
E_near_empty,samnytt.se,279108,https://samnytt.se/husbybo-om-bombdaden-inte-forvanad/,"Husbybo om bombdåden: ""Inte förvånad"" » Samnytt"
E_near_empty,samnytt.se,613244,https://samnytt.se/se-jimmie-akessons-jultal/,Se Jimmie Åkessons jultal » Samnytt
E_near_empty,samnytt.se,144949,https://samnytt.se/filmreportage-del-2-nya-spannande-sverige-trailer/,Filmreportage del 2: Nya spännande Sverige - trailer » Samnytt
E_near_empty,svegot.se,294003,https://www.svegot.se/2020/09/30/passningen-238-white-boy/,Passningen #238: White Boy! - Podcasts från Det fria Sverige
E_near_empty,svegot.se,452015,https://www.svegot.se/2019/06/10/daniels-timme-67-1984-och-hemskolning/,Daniels timme #67 - 1984 och skolplikt - Podcasts från Det fria Sverige
E_near_empty,svegot.se,582363,https://www.svegot.se/2018/07/25/svegots-sommarpratare-hans-lysglimt/,Svegots sommarpratare - Hans Lysglimt - Podcasts från Det fria Sverige
E_near_empty,svegot.se,407678,https://www.svegot.se/plus/prenumeration/,Bli stödprenumerant på Dagens Svegot - Podcasts från Det fria Sverige
E_near_empty,svegot.se,452555,https://www.svegot.se/2018/07/23/kms66-sydafrika-ar-europas-framtid/,KMS#66: Sydafrika är Europas framtid - Podcasts från Det fria Sverige
E_near_empty,tidningensyre.se,1214186,https://tidningensyre.se/2026/05-maj-2026/manniskor-behover-stod-aven-nar-de-inte-kanner-sig-sjuka/,Människor behöver stöd även när de inte känner sig sjuka
E_near_empty,tidningensyre.se,1214535,https://tidningensyre.se/2026/10-mars-2026/mycket-ohalsosam-luft-over-goteborg/,Mycket ohälsosam luft över Göteborg
E_near_empty,tidningensyre.se,1214189,https://tidningensyre.se/2026/04-maj-2026/gazaaktivist-i-israeliskt-forvar/,Gazaaktivist kvar i israeliskt förvar
E_near_empty,tidningensyre.se,1214640,https://tidningensyre.se/2026/24-februari-2026/forsvara-alla-individers-ratt-att-leva-fritt-och-tryggt/,Försvara alla individers rätt att leva fritt och tryggt
E_near_empty,tidningensyre.se,1214533,https://tidningensyre.se/2026/10-mars-2026/sa-kan-naturen-stoppa-invasioner/,Så kan naturen stoppa invasioner
E_near_empty,tv.frihedensstemme.dk,77926,https://tv.frihedensstemme.dk/coranovirus-5/,coranovirus-5
E_near_empty,tv.frihedensstemme.dk,619869,https://tv.frihedensstemme.dk/mikkel-arthur-kortsen-1-2/,mikkel arthur kortsen 1
E_near_empty,tv.frihedensstemme.dk,93642,https://tv.frihedensstemme.dk/patrioterne-gaar-live/,patrioterne-gaar-live
E_near_empty,tv.frihedensstemme.dk,66065,https://tv.frihedensstemme.dk/2021/03/24/coronapas-er-danmarks-sundhedsminister-fuld-af-loegn/,Coronapas: Er Danmarks sundhedsminister fuld af løgn?
E_near_empty,tv.frihedensstemme.dk,494336,https://tv.frihedensstemme.dk/raketforskerbliversurholtbjergherning23-2-2020/,RaketforskerbliversurHoltbjergHerning23.2.2020
E_near_empty,utenfilter.no,569829,https://www.utenfilter.no/magazine/,Magazine - utenfilter.no
E_near_empty,uvmedia.org,293724,https://uvmedia.org/sign-in/,Sign in | Verkkomedia
E_near_empty,uvmedia.org,663087,https://uvmedia.org/forums/,Forums | Verkkomedia
E_near_empty,vaken.se,699057,https://www.vaken.se/agneta-norberg-pratar-om-natos-inflytande-i-sverige/,Agneta Norberg pratar om Natos inflytande i Sverige
E_near_empty,vaken.se,649824,https://www.vaken.se/steven-seagal-exponerar-den-djupa-statens-krig-mot-usa/,Steven Seagal exponerar den djupa statens krig mot USA
E_near_empty,vaken.se,361948,https://www.vaken.se/james-corbett-pa-vin-armani-show/,James Corbett på The Vin Armani show
E_near_empty,vaken.se,29272,https://www.vaken.se/1984-action-day-8th-june-2014/,1984 Action Day - 8th June 2014
E_near_empty,vaken.se,318607,https://www.vaken.se/bill-gates-admits-that-the-vaccines-contain-nanotechnology/,Bill Gates admits that the vaccines contain nanotechnology
E_near_empty,vastaansanomat.com,67902,https://vastaansanomat.com/muokkaa-kirjoituksiasi/,Muokkaa kirjoituksiasi | Vastaan Sanomat
E_near_empty,vastaansanomat.com,8522,https://vastaansanomat.com/kirjaudu/,Kirjaudu | Vastaan Sanomat
E_near_empty,vastaansanomat.com,47301,https://vastaansanomat.com/privacy-policy/,Tietosuoja- ja käyttöehdot | Vastaan Sanomat
E_near_empty,vastaansanomat.com,151888,https://vastaansanomat.com/tili/,Kirjaudu | Vastaan Sanomat
E_near_empty,verkkosanomat.com,127501,https://verkkosanomat.com/kirjaudu/,Kirjaudu | VERKKOSANOMAT
